source_slug,source_l3_scenario_id,skill_id,source_l2_scenario_id,farming_group,task_type,l2_biological_yield_kg,l2_recovered_yield_kg,l2_donothing_biological_yield_kg,l3_biological_yield_kg,l3_recovered_yield_kg,l2_vs_l3_bio_delta_pct,l2_vs_l3_recovered_delta_pct,skill_oracle_events_empty,non_dict_oracle_event_entries,card_missing_flow_major_actions,flow_major_actions_not_in_card,card_major_actions,flow_major_actions
hb_coldspring_planting_window_heihe50,scenario_full_season_hb_coldspring_planting_window_heihe50,heihe50_coldspring_planting_window,scenario_l2_hb_coldspring_heihe50_planting_window,establishment,planting_window,5795.74,0.0,0.0,5801.38,5293.55,-0.097,-100.0,False,0,,,"{""base_fertilize"": 1, ""form_ridges"": 1, ""level"": 1, ""plant_seeds"": 16}","{""base_fertilize"": 1, ""form_ridges"": 1, ""level"": 1, ""plant_seeds"": 16}"
hb_coldspring_planting_window_heihe50,scenario_full_season_hb_coldspring_planting_window_heihe50,heihe50_coldspring_emergence_scouting,scenario_l2_hb_coldspring_heihe50_cold_emergence_scouting,management,management_scouting,5795.74,0.0,5795.74,5801.38,5293.55,-0.097,-100.0,False,0,,,{},{}
hb_coldspring_planting_window_heihe50,scenario_full_season_hb_coldspring_planting_window_heihe50,heihe50_coldspring_harvest_drydown_store,scenario_l2_hb_coldspring_heihe50_harvest_drydown_store,harvest,harvest_postharvest,5795.74,5226.0,5795.74,5801.38,5293.55,-0.097,-1.276,False,0,,,"{""harvest"": 16, ""store_grain"": 1, ""unload_grain"": 16}","{""harvest"": 16, ""store_grain"": 1, ""unload_grain"": 16}"
hb_disease_then_drought_recovery_tradeoff,scenario_full_season_hb_disease_then_drought_recovery_tradeoff,establishment_planting,scenario_l2_hb_disease_drought_establishment_planting,establishment,planting,8454.53,0.0,0.0,8881.18,8037.54,-4.804,-100.0,False,0,,,"{""base_fertilize"": 1, ""form_ridges"": 1, ""level"": 1, ""plant_seeds"": 16}","{""base_fertilize"": 1, ""form_ridges"": 1, ""level"": 1, ""plant_seeds"": 16}"
hb_disease_then_drought_recovery_tradeoff,scenario_full_season_hb_disease_then_drought_recovery_tradeoff,mid_fungicide_20_43,scenario_l2_hb_disease_drought_mid_fungicide_20_43,management,fungicide,8871.39,0.0,8454.53,8881.18,8037.54,-0.11,-100.0,False,0,,,{},{}
hb_disease_then_drought_recovery_tradeoff,scenario_full_season_hb_disease_then_drought_recovery_tradeoff,r5_irrigation_20_43,scenario_l2_hb_disease_drought_r5_irrigation_20_43,management,irrigation,8870.38,0.0,8871.39,8881.18,8037.54,-0.122,-100.0,False,0,,,"{""irrigate"": 1}","{""irrigate"": 1}"
hb_disease_then_drought_recovery_tradeoff,scenario_full_season_hb_disease_then_drought_recovery_tradeoff,harvest_window,scenario_l2_hb_disease_drought_harvest_window,harvest,harvest_postharvest,8870.38,8028.25,8870.38,8881.18,8037.54,-0.122,-0.116,False,0,,,"{""dry_grain"": 1, ""harvest"": 16, ""store_grain"": 1, ""unload_grain"": 16}","{""dry_grain"": 1, ""harvest"": 16, ""store_grain"": 1, ""unload_grain"": 16}"
hb_fertilizer_quota_edge_lowfertility,scenario_full_season_hb_fertilizer_quota_edge_lowfertility,severe_edge_nutrient_recovery,scenario_l2_hb_fertilizer_quota_severe_edge_nutrient_recovery,management,fertigation,8564.53,0.0,8495.2,8602.17,7923.32,-0.438,-100.0,False,0,,,"{""apply_fertigation"": 1}","{""apply_fertigation"": 1}"
hb_fertilizer_quota_edge_lowfertility,scenario_full_season_hb_fertilizer_quota_edge_lowfertility,severe_edge_gap_replant,scenario_l2_hb_fertilizer_quota_severe_edge_gap_replant,management,replant,8577.47,0.0,8564.53,8602.17,7923.32,-0.287,-100.0,False,0,,,"{""replant_seeds"": 1}","{""replant_seeds"": 1}"
hb_fertilizer_quota_edge_lowfertility,scenario_full_season_hb_fertilizer_quota_edge_lowfertility,mild_edge_quota_topup,scenario_l2_hb_fertilizer_quota_mild_edge_topup,management,fertigation,8602.17,0.0,8577.47,8602.17,7923.32,0.0,-100.0,False,0,,,"{""apply_fertigation"": 1}","{""apply_fertigation"": 1}"
hb_fertilizer_quota_edge_lowfertility,scenario_full_season_hb_fertilizer_quota_edge_lowfertility,harvest_dry_store,scenario_l2_hb_fertilizer_quota_harvest_dry_store,harvest,harvest_postharvest,8602.17,7837.38,8602.17,8602.17,7923.32,0.0,-1.085,False,0,,,"{""dry_grain"": 1, ""harvest"": 16, ""store_grain"": 1, ""unload_grain"": 16}","{""dry_grain"": 1, ""harvest"": 16, ""store_grain"": 1, ""unload_grain"": 16}"
hb_heihe43_early_density_weed_nutrient_recovery,scenario_full_season_hb_heihe43_early_density_weed_nutrient_recovery,heihe43_recommended_density_planting,scenario_l2_hb_heihe43_recommended_density_planting,establishment,planting,8778.32,0.0,0.0,9109.85,8665.06,-3.639,-100.0,False,0,,,"{""base_fertilize"": 1, ""form_ridges"": 1, ""level"": 1, ""plant_seeds"": 16}","{""base_fertilize"": 1, ""form_ridges"": 1, ""level"": 1, ""plant_seeds"": 16}"
hb_heihe43_early_density_weed_nutrient_recovery,scenario_full_season_hb_heihe43_early_density_weed_nutrient_recovery,heihe43_vc_nutrient_recovery,scenario_l2_hb_heihe43_nutrient_recovery,management,fertigation,8911.02,0.0,8828.2,9109.85,8665.06,-2.183,-100.0,False,0,,,"{""apply_fertigation"": 1}","{""apply_fertigation"": 1}"
hb_heihe43_early_density_weed_nutrient_recovery,scenario_full_season_hb_heihe43_early_density_weed_nutrient_recovery,heihe43_vc_weed_control,scenario_l2_hb_heihe43_early_weed_control,management,herbicide,9027.32,0.0,8828.2,9109.85,8665.06,-0.906,-100.0,False,0,,,{},{}
hb_heihe43_early_density_weed_nutrient_recovery,scenario_full_season_hb_heihe43_early_density_weed_nutrient_recovery,heihe43_r7_r8_harvest_dry_store,scenario_l2_hb_heihe43_r7_harvest_drydown_store,harvest,harvest_postharvest,9109.85,8641.74,9109.85,9109.85,8665.06,0.0,-0.269,False,0,,,"{""dry_grain"": 1, ""harvest"": 16, ""store_grain"": 1, ""unload_grain"": 16}","{""dry_grain"": 1, ""harvest"": 16, ""store_grain"": 1, ""unload_grain"": 16}"
hb_heinong58_water_chemical_priority_under_dual_stress,scenario_full_season_hb_heinong58_water_chemical_priority_under_dual_stress,establishment_planting,scenario_l2_hb_hn58_dual_stress_establishment_planting,establishment,planting,9195.37,0.0,0.0,9265.94,8297.29,-0.762,-100.0,False,0,,,"{""base_fertilize"": 1, ""form_ridges"": 1, ""level"": 1, ""plant_seeds"": 16}","{""base_fertilize"": 1, ""form_ridges"": 1, ""level"": 1, ""plant_seeds"": 16}"
hb_heinong58_water_chemical_priority_under_dual_stress,scenario_full_season_hb_heinong58_water_chemical_priority_under_dual_stress,r5_irrigation_8_23,scenario_l2_hb_hn58_dual_stress_r5_irrigation_8_23,management,irrigation,9203.99,0.0,9195.37,9265.94,8297.29,-0.669,-100.0,False,0,,,"{""irrigate"": 1}","{""irrigate"": 1}"
hb_heinong58_water_chemical_priority_under_dual_stress,scenario_full_season_hb_heinong58_water_chemical_priority_under_dual_stress,r5_fungicide_40_55,scenario_l2_hb_hn58_dual_stress_r5_fungicide_40_55,management,fungicide,9261.88,0.0,9195.37,9265.94,8297.29,-0.044,-100.0,False,0,,,{},{}
hb_heinong58_water_chemical_priority_under_dual_stress,scenario_full_season_hb_heinong58_water_chemical_priority_under_dual_stress,harvest_window,scenario_l2_hb_hn58_dual_stress_harvest_window,harvest,harvest_postharvest,9231.85,8271.04,9231.85,9265.94,8297.29,-0.368,-0.316,False,0,,,"{""dry_grain"": 3, ""harvest"": 16, ""store_grain"": 3, ""unload_grain"": 16}","{""dry_grain"": 3, ""harvest"": 16, ""store_grain"": 3, ""unload_grain"": 16}"
hb_heinong60_highdensity_fertigation_irrigation_water_budget,scenario_full_season_hb_heinong60_highdensity_fertigation_irrigation_water_budget,establishment_planting,scenario_l2_hb_hn60_water_budget_establishment_planting,establishment,planting,9028.58,0.0,0.0,9139.34,8632.3,-1.212,-100.0,False,0,,,"{""base_fertilize"": 1, ""form_ridges"": 1, ""level"": 1, ""plant_seeds"": 16}","{""base_fertilize"": 1, ""form_ridges"": 1, ""level"": 1, ""plant_seeds"": 16}"
hb_heinong60_highdensity_fertigation_irrigation_water_budget,scenario_full_season_hb_heinong60_highdensity_fertigation_irrigation_water_budget,emergence_fertigation_8_19,scenario_l2_hb_hn60_water_budget_emergence_fertigation_8_19,management,fertigation,9118.54,0.0,9028.58,9139.34,8632.3,-0.228,-100.0,False,0,,,"{""apply_fertigation"": 1}","{""apply_fertigation"": 1}"
hb_heinong60_highdensity_fertigation_irrigation_water_budget,scenario_full_season_hb_heinong60_highdensity_fertigation_irrigation_water_budget,r5_irrigation_40_55,scenario_l2_hb_hn60_water_budget_r5_irrigation_40_55,management,irrigation,9130.67,0.0,9118.54,9139.34,8632.3,-0.095,-100.0,False,0,,,"{""irrigate"": 1}","{""irrigate"": 1}"
hb_heinong60_highdensity_fertigation_irrigation_water_budget,scenario_full_season_hb_heinong60_highdensity_fertigation_irrigation_water_budget,harvest_window,scenario_l2_hb_hn60_water_budget_harvest_window,harvest,harvest_postharvest,9130.67,8624.22,9130.67,9139.34,8632.3,-0.095,-0.094,False,0,,,"{""dry_grain"": 3, ""harvest"": 16, ""store_grain"": 3, ""unload_grain"": 16}","{""dry_grain"": 3, ""harvest"": 16, ""store_grain"": 3, ""unload_grain"": 16}"
hb_high_weed_seedbank_mechanical_only_baseline,scenario_full_season_hb_high_weed_seedbank_mechanical_only_baseline,establishment_planting,scenario_l2_hb_weed_seedbank_establishment_planting,establishment,planting,6556.84,0.0,0.0,8389.45,7617.81,-21.844,-100.0,False,0,,,"{""base_fertilize"": 1, ""form_ridges"": 1, ""level"": 1, ""plant_seeds"": 16}","{""base_fertilize"": 1, ""form_ridges"": 1, ""level"": 1, ""plant_seeds"": 16}"
hb_high_weed_seedbank_mechanical_only_baseline,scenario_full_season_hb_high_weed_seedbank_mechanical_only_baseline,emergence_mechanical_weed_0_63,scenario_l2_hb_weed_seedbank_emergence_mechanical_weed_0_63,management,mechanical_weed,8244.85,0.0,6556.84,8389.45,7617.81,-1.724,-100.0,False,0,,,"{""mechanical_weed_control"": 7}","{""mechanical_weed_control"": 7}"
hb_high_weed_seedbank_mechanical_only_baseline,scenario_full_season_hb_high_weed_seedbank_mechanical_only_baseline,harvest_window,scenario_l2_hb_weed_seedbank_harvest_window,harvest,harvest_postharvest,8244.85,7446.54,8244.85,8389.45,7617.81,-1.724,-2.248,False,0,,,"{""dry_grain"": 1, ""harvest"": 16, ""store_grain"": 1, ""unload_grain"": 16}","{""dry_grain"": 1, ""harvest"": 16, ""store_grain"": 1, ""unload_grain"": 16}"
hb_insect_after_fungicide_budget_conflict,scenario_full_season_hb_insect_after_fungicide_budget_conflict,standard_density_establishment,scenario_l2_hb_insect_budget_standard_planting,establishment,planting,7557.1,0.0,0.0,7880.53,7050.97,-4.104,-100.0,False,0,,,"{""base_fertilize"": 1, ""form_ridges"": 1, ""level"": 1, ""plant_seeds"": 16}","{""base_fertilize"": 1, ""form_ridges"": 1, ""level"": 1, ""plant_seeds"": 16}"
hb_insect_after_fungicide_budget_conflict,scenario_full_season_hb_insect_after_fungicide_budget_conflict,budgeted_disease_control,scenario_l2_hb_insect_budget_disease_control,management,fungicide,7845.13,0.0,7564.68,7880.53,7050.97,-0.449,-100.0,False,0,,,{},{}
hb_insect_after_fungicide_budget_conflict,scenario_full_season_hb_insect_after_fungicide_budget_conflict,r5_manual_insect_control,scenario_l2_hb_insect_budget_r5_manual_control,management,insecticide,7880.53,0.0,7845.13,7880.53,7050.97,0.0,-100.0,False,0,,,"{""apply_pesticide_manual"": 12}","{""apply_pesticide_manual"": 12}"
hb_insect_after_fungicide_budget_conflict,scenario_full_season_hb_insect_after_fungicide_budget_conflict,r8_harvest_dry_store,scenario_l2_hb_insect_budget_r8_harvest_store,harvest,harvest_postharvest,7880.53,7050.97,7880.53,7880.53,7050.97,0.0,0.0,False,0,,,"{""dry_grain"": 1, ""harvest"": 16, ""store_grain"": 1, ""unload_grain"": 16}","{""dry_grain"": 1, ""harvest"": 16, ""store_grain"": 1, ""unload_grain"": 16}"
hb_laterain_insect_risk,scenario_full_season_hb_laterain_insect_risk,establishment_planting,scenario_l2_hb_laterain_insect_establishment_planting,establishment,planting,8494.78,0.0,0.0,8503.59,7218.12,-0.104,-100.0,False,0,,,"{""base_fertilize"": 1, ""form_ridges"": 1, ""level"": 1, ""plant_seeds"": 16}","{""base_fertilize"": 1, ""form_ridges"": 1, ""level"": 1, ""plant_seeds"": 16}"
hb_laterain_insect_risk,scenario_full_season_hb_laterain_insect_risk,r5_insecticide_36_55,scenario_l2_hb_laterain_insect_r5_insecticide_36_55,management,insecticide,8497.13,0.0,8494.78,8503.59,7218.12,-0.076,-100.0,False,0,,,"{""spray_pesticide"": 2}","{""spray_pesticide"": 2}"
hb_laterain_insect_risk,scenario_full_season_hb_laterain_insect_risk,harvest_window,scenario_l2_hb_laterain_insect_harvest_window,harvest,harvest_postharvest,8497.13,7213.55,8497.13,8503.59,7218.12,-0.076,-0.063,False,0,,,"{""dry_grain"": 2, ""harvest"": 16, ""store_grain"": 2, ""unload_grain"": 16}","{""dry_grain"": 2, ""harvest"": 16, ""store_grain"": 2, ""unload_grain"": 16}"
hb_lowcarbon_batch_operations_wetdisease,scenario_full_season_hb_lowcarbon_batch_operations_wetdisease,establishment_planting,scenario_l2_hb_lowcarbon_wetdisease_establishment_planting,establishment,planting,8124.24,0.0,0.0,8467.73,7761.93,-4.056,-100.0,False,0,,,"{""base_fertilize"": 1, ""form_ridges"": 1, ""level"": 1, ""plant_seeds"": 16}","{""base_fertilize"": 1, ""form_ridges"": 1, ""level"": 1, ""plant_seeds"": 16}"
hb_lowcarbon_batch_operations_wetdisease,scenario_full_season_hb_lowcarbon_batch_operations_wetdisease,mid_fungicide_24_47,scenario_l2_hb_lowcarbon_wetdisease_mid_fungicide_24_47,management,fungicide,8458.65,0.0,8124.24,8467.73,7761.93,-0.107,-100.0,False,0,,,{},{}
hb_lowcarbon_batch_operations_wetdisease,scenario_full_season_hb_lowcarbon_batch_operations_wetdisease,harvest_window,scenario_l2_hb_lowcarbon_wetdisease_harvest_window,harvest,harvest_postharvest,8458.65,7754.05,8458.65,8467.73,7761.93,-0.107,-0.102,False,0,,,"{""dry_grain"": 1, ""harvest"": 16, ""store_grain"": 1, ""unload_grain"": 16}","{""dry_grain"": 1, ""harvest"": 16, ""store_grain"": 1, ""unload_grain"": 16}"
hb_planter_skip_rows_stand_gap,scenario_full_season_hb_planter_skip_rows_stand_gap,establishment_planting,scenario_l2_hb_skip_rows_establishment_planting,establishment,planting,8801.23,0.0,0.0,8910.28,8384.96,-1.224,-100.0,False,0,,,"{""base_fertilize"": 1, ""form_ridges"": 1, ""level"": 1, ""plant_seeds"": 16}","{""base_fertilize"": 1, ""form_ridges"": 1, ""level"": 1, ""plant_seeds"": 16}"
hb_planter_skip_rows_stand_gap,scenario_full_season_hb_planter_skip_rows_stand_gap,emergence_replant_12_15,scenario_l2_hb_skip_rows_emergence_replant_12_15,management,replant,8848.72,0.0,8801.23,8910.28,8384.96,-0.691,-100.0,False,0,,,"{""replant_seeds"": 1}","{""replant_seeds"": 1}"
hb_planter_skip_rows_stand_gap,scenario_full_season_hb_planter_skip_rows_stand_gap,emergence_replant_28_31,scenario_l2_hb_skip_rows_emergence_replant_28_31,management,replant,8837.25,0.0,8801.23,8910.28,8384.96,-0.82,-100.0,False,0,,,"{""replant_seeds"": 1}","{""replant_seeds"": 1}"
hb_planter_skip_rows_stand_gap,scenario_full_season_hb_planter_skip_rows_stand_gap,harvest_window,scenario_l2_hb_skip_rows_harvest_window,harvest,harvest_postharvest,8902.22,8377.82,8902.22,8910.28,8384.96,-0.09,-0.085,False,0,,,"{""dry_grain"": 3, ""harvest"": 16, ""store_grain"": 3, ""unload_grain"": 16}","{""dry_grain"": 3, ""harvest"": 16, ""store_grain"": 3, ""unload_grain"": 16}"
hb_potassium_deficit_dry_podfill_interaction,scenario_full_season_hb_potassium_deficit_dry_podfill_interaction,establishment_planting,scenario_l2_hb_potassium_dry_establishment_planting,establishment,planting,8130.53,0.0,0.0,8223.36,7366.06,-1.129,-100.0,False,0,,,"{""base_fertilize"": 1, ""form_ridges"": 1, ""level"": 1, ""plant_seeds"": 16}","{""base_fertilize"": 1, ""form_ridges"": 1, ""level"": 1, ""plant_seeds"": 16}"
hb_potassium_deficit_dry_podfill_interaction,scenario_full_season_hb_potassium_deficit_dry_podfill_interaction,r1_fertigation_20_39,scenario_l2_hb_potassium_dry_r1_fertigation_20_39,management,fertigation,8210.99,0.0,8130.53,8223.36,7366.06,-0.15,-100.0,False,0,,,"{""apply_fertigation"": 1}","{""apply_fertigation"": 1}"
hb_potassium_deficit_dry_podfill_interaction,scenario_full_season_hb_potassium_deficit_dry_podfill_interaction,r5_irrigation_20_39,scenario_l2_hb_potassium_dry_r5_irrigation_20_39,management,irrigation,8216.17,0.0,8210.99,8223.36,7366.06,-0.087,-100.0,False,0,,,"{""irrigate"": 1}","{""irrigate"": 1}"
hb_potassium_deficit_dry_podfill_interaction,scenario_full_season_hb_potassium_deficit_dry_podfill_interaction,harvest_window,scenario_l2_hb_potassium_dry_harvest_window,harvest,harvest_postharvest,8216.17,7359.97,8216.17,8223.36,7366.06,-0.087,-0.083,False,0,,,"{""dry_grain"": 1, ""harvest"": 16, ""store_grain"": 1, ""unload_grain"": 16}","{""dry_grain"": 1, ""harvest"": 16, ""store_grain"": 1, ""unload_grain"": 16}"
hb_r5_leaf_feeder_defoliation,scenario_full_season_hb_r5_leaf_feeder_defoliation,establishment_planting,scenario_l2_hb_r5_leaf_feeder_establishment_planting,establishment,planting,8552.09,0.0,0.0,8678.88,8059.18,-1.461,-100.0,False,0,,,"{""base_fertilize"": 1, ""form_ridges"": 1, ""level"": 1, ""plant_seeds"": 16}","{""base_fertilize"": 1, ""form_ridges"": 1, ""level"": 1, ""plant_seeds"": 16}"
hb_r5_leaf_feeder_defoliation,scenario_full_season_hb_r5_leaf_feeder_defoliation,r5_insecticide_16_39,scenario_l2_hb_r5_leaf_feeder_r5_insecticide_16_39,management,insecticide,8677.12,0.0,8552.09,8678.88,8059.18,-0.02,-100.0,False,0,,,"{""spray_pesticide"": 3}","{""spray_pesticide"": 3}"
hb_r5_leaf_feeder_defoliation,scenario_full_season_hb_r5_leaf_feeder_defoliation,harvest_window,scenario_l2_hb_r5_leaf_feeder_harvest_window,harvest,harvest_postharvest,8677.12,8060.17,8677.12,8678.88,8059.18,-0.02,0.012,False,0,,,"{""dry_grain"": 1, ""harvest"": 16, ""store_grain"": 1, ""unload_grain"": 16}","{""dry_grain"": 1, ""harvest"": 16, ""store_grain"": 1, ""unload_grain"": 16}"
hb_storage_capacity_limit_batching,scenario_full_season_hb_storage_capacity_limit_batching,standard_density_planting,scenario_l2_hb_storage_capacity_standard_planting,establishment,planting,9038.62,0.0,0.0,9038.4,8301.7,0.002,-100.0,False,0,,,"{""base_fertilize"": 1, ""form_ridges"": 1, ""level"": 1, ""plant_seeds"": 16}","{""base_fertilize"": 1, ""form_ridges"": 1, ""level"": 1, ""plant_seeds"": 16}"
hb_storage_capacity_limit_batching,scenario_full_season_hb_storage_capacity_limit_batching,capacity_aware_first_batch,scenario_l2_hb_storage_capacity_harvest_batching,harvest,harvest_postharvest,9038.62,8304.9,9038.62,9038.4,8301.7,0.002,0.039,False,0,,,"{""dry_grain"": 2, ""harvest"": 16, ""store_grain"": 2, ""unload_grain"": 16}","{""dry_grain"": 2, ""harvest"": 16, ""store_grain"": 2, ""unload_grain"": 16}"
hb_storage_capacity_limit_batching,scenario_full_season_hb_storage_capacity_limit_batching,remaining_batch_after_west,scenario_l2_hb_storage_capacity_east_batch_after_west,harvest,harvest_postharvest,9038.62,8304.9,9038.62,9038.4,8301.7,0.002,0.039,False,0,,,"{""dry_grain"": 1, ""harvest"": 8, ""store_grain"": 1, ""unload_grain"": 8}","{""dry_grain"": 1, ""harvest"": 8, ""store_grain"": 1, ""unload_grain"": 8}"
hb_three_cultivar_wet_disease_dry_harvest_sequence,scenario_full_season_hb_three_cultivar_wet_disease_dry_harvest_sequence,three_cultivar_planting,scenario_l2_three_cultivar_preplant_fullfield_planting,establishment,planting,7327.37,0.0,0.0,7825.87,7317.73,-6.37,-100.0,False,0,,,"{""base_fertilize"": 1, ""form_ridges"": 1, ""level"": 1, ""plant_seeds"": 18}","{""base_fertilize"": 1, ""form_ridges"": 1, ""level"": 1, ""plant_seeds"": 18}"
hb_three_cultivar_wet_disease_dry_harvest_sequence,scenario_full_season_hb_three_cultivar_wet_disease_dry_harvest_sequence,hn84_wet_disease_control,scenario_l2_three_cultivar_hn84_disease_control,management,fungicide,7804.75,0.0,7396.96,7825.87,7317.73,-0.27,-100.0,False,0,,,{},{}
hb_three_cultivar_wet_disease_dry_harvest_sequence,scenario_full_season_hb_three_cultivar_wet_disease_dry_harvest_sequence,hn58_dry_water_management,scenario_l2_three_cultivar_hn58_dry_water_management,management,irrigation,7825.87,0.0,7804.75,7825.87,7317.73,0.0,-100.0,False,0,,,"{""irrigate"": 1}","{""irrigate"": 1}"
hb_three_cultivar_wet_disease_dry_harvest_sequence,scenario_full_season_hb_three_cultivar_wet_disease_dry_harvest_sequence,zone_harvest_sequence,scenario_l2_three_cultivar_zone_harvest_sequence,harvest,harvest_postharvest,7825.87,7208.7,7825.87,7825.87,7317.73,0.0,-1.49,False,0,,,"{""dry_grain"": 3, ""harvest"": 18, ""store_grain"": 3, ""unload_grain"": 18}","{""dry_grain"": 3, ""harvest"": 18, ""store_grain"": 3, ""unload_grain"": 18}"
hb_two_dry_patches_one_irrigation,scenario_full_season_hb_two_dry_patches_one_irrigation,standard_density_planting,scenario_l2_hb_two_dry_patches_standard_planting,establishment,planting,9037.09,0.0,0.0,9059.59,7454.37,-0.248,-100.0,False,0,,,"{""base_fertilize"": 1, ""form_ridges"": 1, ""level"": 1, ""plant_seeds"": 16}","{""base_fertilize"": 1, ""form_ridges"": 1, ""level"": 1, ""plant_seeds"": 16}"
hb_two_dry_patches_one_irrigation,scenario_full_season_hb_two_dry_patches_one_irrigation,two_patch_irrigation_priority,scenario_l2_hb_two_dry_patches_irrigation_priority,management,irrigation,9052.16,0.0,9037.09,9059.59,7454.37,-0.082,-100.0,False,0,,,"{""irrigate"": 1}","{""irrigate"": 1}"
hb_two_dry_patches_one_irrigation,scenario_full_season_hb_two_dry_patches_one_irrigation,harvest_dry_store,scenario_l2_hb_two_dry_patches_harvest_dry_store,harvest,harvest_postharvest,9052.16,7448.63,9052.16,9059.59,7454.37,-0.082,-0.077,False,0,,,"{""dry_grain"": 1, ""harvest"": 16, ""store_grain"": 1, ""unload_grain"": 16}","{""dry_grain"": 1, ""harvest"": 16, ""store_grain"": 1, ""unload_grain"": 16}"
hb_wetcold_high_residue_establishment,scenario_full_season_hb_wetcold_high_residue_establishment,wetcold_residue_planting_window,scenario_l2_hb_wetcold_high_residue_planting_window,establishment,planting_window,7773.0,0.0,0.0,7859.62,7242.99,-1.102,-100.0,False,0,,,"{""base_fertilize"": 1, ""form_ridges"": 1, ""level"": 1, ""plant_seeds"": 16}","{""base_fertilize"": 1, ""form_ridges"": 1, ""level"": 1, ""plant_seeds"": 16}"
hb_wetcold_high_residue_establishment,scenario_full_season_hb_wetcold_high_residue_establishment,wetcold_residue_replant_recovery,scenario_l2_hb_wetcold_high_residue_replant_recovery,management,stand_recovery,7839.96,0.0,7773.0,7859.62,7242.99,-0.25,-100.0,False,0,,,"{""replant_seeds"": 4}","{""replant_seeds"": 4}"
hb_wetcold_high_residue_establishment,scenario_full_season_hb_wetcold_high_residue_establishment,wetcold_residue_staged_harvest,scenario_l2_hb_wetcold_high_residue_harvest_sequence,harvest,harvest_postharvest,7839.96,7225.43,7839.96,7859.62,7242.99,-0.25,-0.242,False,0,,,"{""dry_grain"": 2, ""harvest"": 16, ""store_grain"": 2, ""unload_grain"": 16}","{""dry_grain"": 2, ""harvest"": 16, ""store_grain"": 2, ""unload_grain"": 16}"
hb_wetjune_disease_recheck_after_fungicide,scenario_full_season_hb_wetjune_disease_recheck_after_fungicide,establishment_planting,scenario_l2_hb_wetjune_recheck_establishment_planting,establishment,planting,9144.66,0.0,0.0,9516.11,8872.28,-3.903,-100.0,False,0,,,"{""base_fertilize"": 1, ""form_ridges"": 1, ""level"": 1, ""plant_seeds"": 16}","{""base_fertilize"": 1, ""form_ridges"": 1, ""level"": 1, ""plant_seeds"": 16}"
hb_wetjune_disease_recheck_after_fungicide,scenario_full_season_hb_wetjune_disease_recheck_after_fungicide,mid_fungicide_20_43,scenario_l2_hb_wetjune_recheck_mid_fungicide_20_43,management,fungicide,9426.02,0.0,9144.66,9516.11,8872.28,-0.947,-100.0,False,0,,,{},{}
hb_wetjune_disease_recheck_after_fungicide,scenario_full_season_hb_wetjune_disease_recheck_after_fungicide,r5_fungicide_20_43,scenario_l2_hb_wetjune_recheck_r5_fungicide_20_43,management,fungicide,9508.59,0.0,9426.02,9516.11,8872.28,-0.079,-100.0,False,0,,,{},{}
hb_wetjune_disease_recheck_after_fungicide,scenario_full_season_hb_wetjune_disease_recheck_after_fungicide,harvest_window,scenario_l2_hb_wetjune_recheck_harvest_window,harvest,harvest_postharvest,9508.59,8866.2,9508.59,9516.11,8872.28,-0.079,-0.069,False,0,,,"{""dry_grain"": 1, ""harvest"": 16, ""store_grain"": 1, ""unload_grain"": 16}","{""dry_grain"": 1, ""harvest"": 16, ""store_grain"": 1, ""unload_grain"": 16}"
hb_wetjune_shortwindow_trafficability,scenario_full_season_hb_wetjune_shortwindow_trafficability,standard_density_planting,scenario_l2_hb_wetjune_shortwindow_standard_planting,establishment,planting,8050.32,0.0,0.0,8390.54,7810.9,-4.055,-100.0,False,0,,,"{""base_fertilize"": 1, ""form_ridges"": 1, ""level"": 1, ""plant_seeds"": 16}","{""base_fertilize"": 1, ""form_ridges"": 1, ""level"": 1, ""plant_seeds"": 16}"
hb_wetjune_shortwindow_trafficability,scenario_full_season_hb_wetjune_shortwindow_trafficability,wetjune_fungicide_window,scenario_l2_hb_wetjune_shortwindow_fungicide_window,management,fungicide,8451.85,0.0,8050.32,8390.54,7810.9,0.731,-100.0,False,0,,,{},{}
hb_wetjune_shortwindow_trafficability,scenario_full_season_hb_wetjune_shortwindow_trafficability,harvest_dry_store,scenario_l2_hb_wetjune_shortwindow_harvest_dry_store,harvest,harvest_postharvest,8451.85,7868.46,8451.85,8390.54,7810.9,0.731,0.737,False,0,,,"{""dry_grain"": 1, ""harvest"": 16, ""store_grain"": 1, ""unload_grain"": 16}","{""dry_grain"": 1, ""harvest"": 16, ""store_grain"": 1, ""unload_grain"": 16}"
heinong84_staggered_planting,scenario_full_season_heinong84_staggered_planting,hn84_field_prep_early_zone_planting,scenario_l2_hn84_staggered_field_prep_early_planting,establishment,field_prep_planting,2950.84,0.0,0.0,8802.09,8184.2,-66.476,-100.0,False,0,,,"{""base_fertilize"": 1, ""form_ridges"": 1, ""level"": 1, ""plant_seeds"": 6}","{""base_fertilize"": 1, ""form_ridges"": 1, ""level"": 1, ""plant_seeds"": 6}"
heinong84_staggered_planting,scenario_full_season_heinong84_staggered_planting,hn84_mid_zone_planting_window,scenario_l2_hn84_staggered_mid_planting_window,establishment,planting_window,6000.72,0.0,2966.83,8802.09,8184.2,-31.826,-100.0,False,0,,,"{""plant_seeds"": 6}","{""plant_seeds"": 6}"
heinong84_staggered_planting,scenario_full_season_heinong84_staggered_planting,hn84_late_seedbed_irrigation_planting,scenario_l2_hn84_staggered_late_seedbed_planting,establishment,irrigation_planting_window,8802.09,0.0,6000.72,8802.09,8184.2,0.0,-100.0,False,0,,,"{""irrigate"": 1, ""plant_seeds"": 6}","{""irrigate"": 1, ""plant_seeds"": 6}"
heinong84_staggered_planting,scenario_full_season_heinong84_staggered_planting,hn84_stage_scouting,scenario_l2_hn84_staggered_stage_scouting,management,management_scouting,8802.09,0.0,8802.09,8802.09,8184.2,0.0,-100.0,False,0,,,{},{}
heinong84_staggered_planting,scenario_full_season_heinong84_staggered_planting,hn84_staggered_harvest_sequence,scenario_l2_hn84_staggered_harvest_sequence,harvest,harvest_postharvest,8802.09,8148.71,8802.09,8802.09,8184.2,0.0,-0.434,False,0,,,"{""dry_grain"": 3, ""harvest"": 18, ""store_grain"": 3, ""unload_grain"": 18}","{""dry_grain"": 3, ""harvest"": 18, ""store_grain"": 3, ""unload_grain"": 18}"
